epoch,accuracy,loss,val_accuracy,val_loss
0,0.5166162848472595,0.958136260509491,0.5557143092155457,0.8096732497215271
1,0.5060423016548157,0.734120786190033,0.5361904501914978,0.935829758644104
